Timestamp,SessionId,RecipeRunId,RecipeName,HighVacuumPa,FilmHighVacuumPa,Power1VoltageV,Power1CurrentA,Power2VoltageV,Power2CurrentA,TemperatureC,DataQuality
2026-08-10T16:12:14.4120868+08:00,403df523133449d8a2752f38e0123bd1,,,13.6,13.2349931973636,480,1.8467302010770381,477.7786423329968,1.7283326909627483,186.5,Simulation
2026-08-10T16:13:14.4120868+08:00,403df523133449d8a2752f38e0123bd1,,,13.636092538303076,13.25275764574826,480.4580481071059,1.85369152677275,477.8858732283603,1.7312768688270226,186.57466365545483,Simulation
2026-08-10T16:14:14.4120868+08:00,403df523133449d8a2752f38e0123bd1,,,13.67207370853147,13.26979013974125,480.9143861347539,1.860433769460884,477.97773153520865,1.7340268236300005,186.64930924451286,Simulation
2026-08-10T16:15:14.4120868+08:00,403df523133449d8a2752f38e0123bd1,,,13.70783248625072,13.286055337773284,481.36731038790646,1.8669294180815994,478.0539773401256,1.7365759839492343,186.72391870514892,Simulation
2026-08-10T16:16:14.4120868+08:00,403df523133449d8a2752f38e0123bd1,,,13.743258533246479,13.301519490375641,481.8151299165317,1.8731519677779571,478.11441150606913,1.7389182581903004,186.79847398407972,Simulation
2026-08-10T16:17:14.4120868+08:00,403df523133449d8a2752f38e0123bd1,,,13.778242537986973,13.316150510208622,482.2561728286058,1.8790760280463854,478.15887619247263,1.7410480491435616,186.87295704113248,Simulation
2026-08-10T16:18:14.4120868+08:00,403df523133449d8a2752f38e0123bd1,,,13.812676552917498,13.329918038641166,482.6887925319646,1.8846774263401398,478.1872552674894,1.7429602673595241,186.94734985360986,Simulation
2026-08-10T16:19:14.4120868+08:00,403df523133449d8a2752f38e0123bd1,,,13.846454327546219,13.342793508743483,483.1113738817,1.8899333067030093,478.19947461130306,1.7446503433108291,187.02163442065108,Simulation
2026-08-10T16:20:14.4120868+08:00,403df523133449d8a2752f38e0123bd1,,,13.879471636293431,13.354750204562,483.52233921015153,1.894822223030802,478.1955023097121,1.746114238311811,187.0957927675876,Simulation
2026-08-10T16:21:14.4120868+08:00,403df523133449d8a2752f38e0123bd1,,,13.911626600092731,13.365763316553625,483.92015421697994,1.899324226580071,478.1753487374825,1.7473484541695319,187.16980695029233,Simulation
2026-08-10T16:22:14.4120868+08:00,403df523133449d8a2752f38e0123bd1,,,13.942820000751713,13.375809993064294,484.303333697333,1.903420947367003,478.1390665312515,1.748350041543231,187.24365905952172,Simulation
2026-08-10T16:23:14.4120868+08:00,403df523133449d8a2752f38e0123bd1,,,13.972955587102193,13.384869387745013,484.6704470867178,1.9070956691243368,478.08675045205194,1.749116606992207,187.3173312252492,Simulation
2026-08-10T16:24:14.4120868+08:00,403df523133449d8a2752f38e0123bd1,,,14.001940371995328,13.392922702806981,485.02012380187847,1.9103333975104506,478.01853713781793,1.7496463186952997,187.3908056209892,Simulation
2026-08-10T16:25:14.4120868+08:00,403df523133449d8a2752f38e0123bd1,,,14.029684919225177,13.399953228026062,485.35105835774004,1.9131209212923033,477.93460474651687,1.7499379108282955,187.46406446811062,Simulation
2026-08-10T16:26:14.4120868+08:00,403df523133449d8a2752f38e0123bd1,,,14.056103619495378,13.40594637541565,485.6620152413134,1.9154468662525732,477.8351724908407,1.7499906865888009,187.53709004013876,Simulation
2026-08-10T16:27:14.4120868+08:00,403df523133449d8a2752f38e0123bd1,,,14.081114954577425,13.410889709496026,485.9518335243671,1.9173017416010376,477.7205000656711,1.7498045198613548,187.60986466704463,Simulation
2026-08-10T16:28:14.4120868+08:00,403df523133449d8a2752f38e0123bd1,,,14.10464174884543,13.41477297309733,486.2194311976433,1.91867797870081,477.59088696981445,1.7493798555188005,187.6823707395205,Simulation
2026-08-10T16:29:14.4120868+08:00,403df523133449d8a2752f38e0123bd1,,,14.126611407411245,13.417588108642695,486.46380921043766,1.9195699619514202,477.44667172377757,1.748717708359196,187.7545907132409,Simulation
2026-08-10T16:30:14.4120868+08:00,403df523133449d8a2752f38e0123bd1,,,14.146956140125132,13.419329274867303,486.68405520046076,1.9199740517027228,477.2882309856278,1.7478196606808043,187.82650711310774,Simulation
2026-08-10T16:31:14.4120868+08:00,403df523133449d8a2752f38e0123bd1,,,14.165613170750817,13.419992858938718,486.8793469000568,1.919888599106131,477.11597856724626,1.7466878585009584,187.8981025374789,Simulation
2026-08-10T16:32:14.4120868+08:00,403df523133449d8a2752f38e0123bd1,,,14.182524930669471,13.41957748395333,487.04895520606266,1.9193139528425815,476.9303643535429,1.745325006427837,187.96935966237882,Simulation
2026-08-10T16:33:14.4120868+08:00,403df523133449d8a2752f38e0123bd1,,,14.19763923651494,13.418084011793363,487.1922469018456,1.9182524576997773,476.73187312745813,1.7437343611974037,188.04026124569037,Simulation
2026-08-10T16:34:14.4120868+08:00,403df523133449d8a2752f38e0123bd1,,,14.210909451192098,13.415515541338518,487.30868702135797,1.91670844500451,476.5210233038174,1.741919723890957,188.11079013132698,Simulation
2026-08-10T16:35:14.4120868+08:00,403df523133449d8a2752f38e0123bd1,,,14.222294627781478,13.41187740203594,487.3978408463828,1.9146882149491073,476.2983655753475,1.7398854308518856,188.18092925338394,Simulation
2026-08-10T16:36:14.4120868+08:00,403df523133449d8a2752f38e0123bd1,,,14.231759635886153,13.407177142841897,487.4593755295129,1.912200010884115,476.0644814743897,1.737636343323337,188.25066164026777,Simulation
2026-08-10T16:37:14.4120868+08:00,403df523133449d8a2752f38e0123bd1,,,14.239275270031001,13.401424516558064,487.4930613368057,1.9092539856821147,475.81998185406724,1.73517783583156,188.31997041880285,Simulation
2026-08-10T16:38:14.4120868+08:00,403df523133449d8a2752f38e0123bd1,,,14.244818339779878,13.394631459594958,487.4987725054729,1.9058621603099226,475.565505292873,1.7325157833426812,188.3888388183143,Simulation
2026-08-10T16:39:14.4120868+08:00,403df523133449d8a2752f38e0123bd1,,,14.248371741292635,13.38681206720448,487.47648771340437,1.9020383747782144,475.30171642684485,1.7296565472236085,188.45725017468592,Simulation
2026-08-10T16:40:14.4120868+08:00,403df523133449d8a2752f38e0123bd1,,,14.249924510101167,13.377982564232976,487.42629015877196,1.8977982316687187,475.02930421368455,1.7266069600406067,188.52518793439248,Simulation
2026-08-10T16:41:14.4120868+08:00,403df523133449d8a2752f38e0123bd1,,,14.24947185494166,13.368161271455504,487.34836724941715,1.893159032469414,474.74898013335394,1.7233743092318714,188.592635658505,Simulation
2026-08-10T16:42:14.4120868+08:00,403df523133449d8a2752f38e0123bd1,,,14.247015172538648,13.357368567561133,487.24300990318125,1.8881397069775034,474.46147632984764,1.7199663196931239,188.65957702666879,Simulation
2026-08-10T16:43:14.4120868+08:00,403df523133449d8a2752f38e0123bd1,,,14.24256204329523,13.345626846868196,487.11061146179145,1.8827607360582348,474.1675436989965,1.7163911353178307,188.72599584105225,Simulation
2026-08-10T16:44:14.4120868+08:00,403df523133449d8a2752f38e0123bd1,,,14.236126207902794,13.332960472857204,486.9516662223562,1.8770440680747391,473.867949927295,1.7126572995361724,188.7918760302663,Simulation
2026-08-10T16:45:14.4120868+08:00,403df523133449d8a2752f38e0123bd1,,,14.227727524942374,13.319395727617845,486.7667675919537,1.8710130293298883,473.5634774868751,1.708773734899255,188.85720165325336,Simulation
2026-08-10T16:46:14.4120868+08:00,403df523133449d8a2752f38e0123bd1,,,14.217391909608502,13.30496075731497,486.55660587220234,1.864692228885604,473.2549215918638,1.704749721757361,188.9219569031443,Simulation
2026-08-10T16:47:14.4120868+08:00,403df523133449d8a2752f38e0123bd1,,,14.2051512537446,13.289685513786717,486.32196568208485,1.8581074581479964,472.94308812146113,1.7005948760831817,188.9861261110835,Simulation
2026-08-10T16:48:14.4120868+08:00,403df523133449d8a2752f38e0123bd1,,,14.191043327436693,13.273601692395946,486.0637230286469,1.8512855856280597,472.62879151516296,1.6963191264930344,189.04969375002025,Simulation
2026-08-10T16:49:14.4120868+08:00,403df523133449d8a2752f38e0123bd1,,,14.175111662469035,13.25674266626396,485.78284203650776,1.8442544473073503,472.3128526456271,1.6919326905209697,189.1126444384656,Simulation
2026-08-10T16:50:14.4120868+08:00,403df523133449d8a2752f38e0123bd1,,,14.157405418001318,13.239143417022952,485.48037134839143,1.8370427330559946,471.9960966747368,1.6874460502024662,189.17496294421443,Simulation
2026-08-10T16:51:14.4120868+08:00,403df523133449d8a2752f38e0123bd1,,,14.137979228881875,13.220840462230873,485.1574402101181,1.8296798695664886,471.67935089846173,1.6828699270260632,189.2366341880312,Simulation
2026-08-10T16:52:14.4120868+08:00,403df523133449d8a2752f38e0123bd1,,,14.116893037064981,13.20187177959934,484.8152542546712,1.8221959002809662,471.3634425861457,1.678215256312781,189.2976432472985,Simulation
2026-08-10T16:53:14.4120868+08:00,403df523133449d8a2752f38e0123bd1,,,14.094211906652404,13.18227672819179,484.45509100108006,1.8146213628018808,471.0491968198631,1.6734931610845611,189.3579753596281,Simulation
2026-08-10T16:54:14.4120868+08:00,403df523133449d8a2752f38e0123bd1,,,14.070005823129911,13.162095966755397,484.07829508492324,1.8069871642863138,470.737434339489,1.6687149254841633,189.41761592643292,Simulation
2026-08-10T16:55:14.4120868+08:00,403df523133449d8a2752f38e0123bd1,,,14.044349477418235,13.141371369356218,483.686273238258,1.7993244553323535,470.42896939910935,1.6638919678100452,189.47655051645933,Simulation
2026-08-10T16:56:14.4120868+08:00,403df523133449d8a2752f38e0123bd1,,,14.017322035404836,13.120145938492612,483.280489037719,1.7916645028721352,470.12460764037075,1.659035813230652,189.53476486927931,Simulation
2026-08-10T16:57:14.4120868+08:00,403df523133449d8a2752f38e0123bd1,,,13.989006893667572,13.098463715867213,482.86245744039246,1.7840385625901918,469.8251439883244,1.654158066243329,189.59224489874092,Simulation
2026-08-10T16:58:14.4120868+08:00,403df523133449d8a2752f38e0123bd1,,,13.95949142214405,13.076369691002608,482.43373912786683,1.7764777513876988,469.5313605752587,1.649270382943664,189.64897669637674,Simulation
2026-08-10T16:59:14.4120868+08:00,403df523133449d8a2752f38e0123bd1,,,13.92886669454068,13.053909707890345,481.99593467957493,1.7690129204130134,469.24402469794455,1.6443844431715278,189.70494653476933,Simulation
2026-08-10T17:00:14.4120868+08:00,403df523133449d8a2752f38e0123bd1,,,13.897227207313277,13.031130369866943,481.5506785971816,1.7616745291765892,468.963886813627,1.6395119226003751,189.7601408708729,Simulation
2026-08-10T17:01:14.4120868+08:00,403df523133449d8a2752f38e0123bd1,,,13.864670588086334,13.008078942914324,481.09963320232566,1.754492521263932,468.6916785799984,1.6346644648365016,189.81454634929023,Simulation
2026-08-10T17:02:14.4120868+08:00,403df523133449d8a2752f38e0123bd1,,,13.831297294410692,12.984803257585263,480.64448243049856,1.7474962021537368,468.4281109442713,1.62985365359493,189.86814980550432,Simulation
2026-08-10T17:03:14.4120868+08:00,403df523133449d8a2752f38e0123bd1,,,13.797210303789106,12.9613516097574,480.1869255442299,1.7407141196397578,468.1738722863433,1.625090985018414,189.9209382690639,Simulation
2026-08-10T17:04:14.4120868+08:00,403df523133449d8a2752f38e0123bd1,,,13.762514795926185,12.93777266042172,479.72867078905097,1.7341739473443354,467.929626620902,1.6203878402057121,189.97289896672174,Simulation
2026-08-10T17:05:14.4120868+08:00,403df523133449d8a2752f38e0123bd1,,,13.727317828183162,12.91411533471344,479.2714290159209,1.7279023717988966,467.69601186316675,1.6157554580147728,190.02401932552553,Simulation
2026-08-10T17:06:14.4120868+08:00,403df523133449d8a2752f38e0123bd1,,,13.691728005238913,12.890428720394812,478.8169072939256,1.72192498355218,467.47363816279636,1.6112049082058268,190.07428697586013,Simulation
2026-08-10T17:07:14.4120868+08:00,403df523133449d8a2752f38e0123bd1,,,13.655855143976542,12.866761966000485,478.3668025370966,1.7162661727505137,467.263086310314,1.606747064988563,190.12368975444056,Simulation
2026-08-10T17:08:14.4120868+08:00,403df523133449d8a2752f38e0123bd1,,,13.61980993462954,12.84316417885676,477.92279516914175,1.7109490296162149,467.0649062202123,1.6023925810366006,190.1722157072553,Simulation
2026-08-10T17:09:14.4120868+08:00,403df523133449d8a2752f38e0123bd1,,,13.58370359923314,12.819684323186362,477.4865428497422,1.705995250230204,466.8796154946989,1.5981518620313562,190.21985309245872,Simulation
2026-08-10T17:10:14.4120868+08:00,403df523133449d8a2752f38e0123bd1,,,13.547647548434693,12.796371118510129,477.05967428583574,1.7014250480032738,466.707698071835,1.5940350417961322,190.26659038321228,Simulation
2026-08-10T17:11:14.4120868+08:00,403df523133449d8a2752f38e0123bd1,,,13.51175303772209,12.773272938556461,476.643783150993,1.6972570711972508,466.54960296159726,1.5900519580798536,190.31241627047362,Simulation
2026-08-10T17:12:14.4120868+08:00,403df523133449d8a2752f38e0123bd1,,,13.476130824130934,12.750437710888265,476.24042213558744,1.693508326832592,466.4057430731635,1.5862121290483147,190.35731966573317,Simulation
2026-08-10T17:13:14.4120868+08:00,403df523133449d8a2752f38e0123bd1,,,13.44089082448975,12.727912817455664,475.8510971499718,1.6901941112929058,466.2764941364863,1.5825247305391204,190.4012897036971,Simulation
2026-08-10T17:14:14.4120868+08:00,403df523133449d8a2752f38e0123bd1,,,13.406141776257758,12.705744996280831,475.477261702304,1.68732794790956,466.1621937209699,1.578998574134668,190.4443157449164,Simulation
2026-08-10T17:15:14.4120868+08:00,403df523133449d8a2752f38e0123bd1,,,13.371990902001746,12.683980244478953,475.1203114720112,1.6849215317810553,466.0631403538145,1.5756420861055724,190.48638737836146,Simulation
2026-08-10T17:16:14.4120868+08:00,403df523133449d8a2752f38e0123bd1,,,13.338543578547327,12.662663722816509,474.7815790991521,1.6829846820523215,465.9795927403294,1.5724632872748507,190.52749442394105,Simulation
2026-08-10T17:17:14.4120868+08:00,403df523133449d8a2752f38e0123bd1,,,13.305903011825466,12.641839662004966,474.46232920913087,1.6815253018486622,465.9117690882526,1.5694697738509817,190.5676269349657,Simulation
2026-08-10T17:18:14.4120868+08:00,403df523133449d8a2752f38e0123bd1,,,13.274169918417575,12.621551270924263,474.1637536913372,1.6805493460278256,465.85984653784084,1.5666686992756476,190.60677520055444,Simulation
2026-08-10T17:19:14.4120868+08:00,403df523133449d8a2752f38e0123bd1,,,13.243442214781815,12.601840646966563,473.88696724934,1.6800607968817918,465.82396069921884,1.5640667571295281,190.64492974798472,Simulation
2026-08-10T17:20:14.4120868+08:00,403df523133449d8a2752f38e0123bd1,,,13.213814715119524,12.582748688686278,473.63300323924597,1.6800616478874224,465.8042052981957,1.5616701651370049,190.68208134498428,Simulation
2026-08-10T17:21:14.4120868+08:00,403df523133449d8a2752f38e0123bd1,,,13.185378838814046,12.564315010937621,473.40280981176244,1.6805518955722725,465.8006319314741,1.5594846503079907,190.71822100196525,Simulation
2026-08-10T17:22:14.4120868+08:00,403df523133449d8a2752f38e0123bd1,,,13.158222328344715,12.546577862675772,473.1972463723658,1.6815295395287595,465.8132499318911,1.5575154352523957,190.7533399741993,Simulation
2026-08-10T17:23:14.4120868+08:00,403df523133449d8a2752f38e0123bd1,,,13.132428978546372,12.529574047592227,473.0170803727922,1.6829905905766311,465.84202634404306,1.5557672256999309,190.78742976393363,Simulation
2026-08-10T17:24:14.4120868+08:00,403df523133449d8a2752f38e0123bd1,,,13.108078378049846,12.513338847748978,472.8629844458286,1.6849290870404234,465.88688601035767,1.5542441992550728,190.82048212244723,Simulation
2026-08-10T17:25:14.4120868+08:00,403df523133449d8a2752f38e0123bd1,,,13.085245663701208,12.497905950370008,472.73553389410205,1.6873371190754922,465.9477117673887,1.5529499954140624,190.85248905204668,Simulation
2026-08-10T17:26:14.4120868+08:00,403df523133449d8a2752f38e0123bd1,,,13.064001288717558,12.483307377942001,472.635204542241,1.6902048609433589,466.02434475182093,1.5518877068677914,190.88344280800146,Simulation
2026-08-10T17:27:14.4120868+08:00,403df523133449d8a2752f38e0123bd1,,,13.044410805294753,12.469573421769283,472.56237096042923,1.6935206111046723,466.1165848153857,1.5510598721113622,190.91333590041802,Simulation
2026-08-10T17:28:14.4120868+08:00,403df523133449d8a2752f38e0123bd1,,,13.026534662337847,12.456732579120889,472.5173050659832,1.697270839966191,466.2241910476035,1.5504684693779789,190.9421610960519,Simulation
2026-08-10T17:29:14.4120868+08:00,403df523133449d8a2752f38e0123bd1,,,13.010428018938367,12.444811494100165,472.50017510817446,1.701440245086963,466.34688240498843,1.5501149119116673,190.96991142005817,Simulation
2026-08-10T17:30:14.4120868+08:00,403df523133449d8a2752f38e0123bd1,,,12.996140574174005,12.43383490235959,472.51104504008674,1.7060118136184332,466.4843384450712,1.5500000445901212,190.996580157679,Simulation
2026-08-10T17:31:14.4120868+08:00,403df523133449d8a2752f38e0123bd1,,,12.98371641375583,12.423825579775539,472.5498742798533,1.7109668917237035,466.63620016332334,1.5501241419057408,191.0221608558685,Simulation
2026-08-10T17:32:14.4120868+08:00,403df523133449d8a2752f38e0123bd1,,,12.973193873996294,12.414804295189485,472.6165178621654,1.7162852606926842,466.80207093079684,1.550486907309694,191.04664732485412,Simulation
2026-08-10T17:33:14.4120868+08:00,403df523133449d8a2752f38e0123bd1,,,12.964605423517687,12.406789767313699,472.71072697948637,1.7219452194425573,466.98151753003094,1.551087473920563,191.0700336396345,Simulation
2026-08-10T17:34:14.4120868+08:00,403df523133449d8a2752f38e0123bd1,,,12.957977563066127,12.399798625890854,472.83214991095167,1.727923673066915,467.17407128651917,1.551924406595885,191.09231414141294,Simulation
2026-08-10T17:35:14.4120868+08:00,403df523133449d8a2752f38e0123bd1,,,12.953330743740167,12.393845377188153,472.98033333548517,1.7341962270722606,467.37922929278267,1.5529957053616377,191.1134834389669,Simulation
2026-08-10T17:36:14.4120868+08:00,403df523133449d8a2752f38e0123bd1,,,12.950679303886346,12.388942373897555,473.1547240242308,1.7407372869173459,467.59645572185264,1.5542988101914705,191.1335364099524,Simulation
2026-08-10T17:37:14.4120868+08:00,403df523133449d8a2752f38e0123bd1,,,12.950031424856423,12.385099789504546,473.3546709059805,1.7475201624491843,467.8251832267308,1.5558306071242671,191.1524682021434,Simulation
2026-08-10T17:38:14.4120868+08:00,403df523133449d8a2752f38e0123bd1,,,12.951389105762775,12.382325597178685,473.57942749788697,1.7545171768096037,468.06481442217313,1.557587435705412,191.170274234606,Simulation
2026-08-10T17:39:14.4120868+08:00,403df523133449d8a2752f38e0123bd1,,,12.9547481573099,12.380625553229669,473.8281546923872,1.7616997793679503,468.31472344492704,1.5595650977339892,191.18695019880693,Simulation
2026-08-10T17:40:14.4120868+08:00,403df523133449d8a2752f38e0123bd1,,,12.960098214720997,12.380003185163273,474.0999238899317,1.7690386622191352,468.57425758834665,1.5617588672950002,191.2024920596559,Simulation
2026-08-10T17:41:14.4120868+08:00,403df523133449d8a2752f38e0123bd1,,,12.967422769719803,12.380459784361971,474.3937204658231,1.7765038797716666,468.84273900711696,1.5641635020526357,191.21689605648223,Simulation
2026-08-10T17:42:14.4120868+08:00,403df523133449d8a2752f38e0123bd1,,,12.976699221468959,12.381994403405363,474.7084475582221,1.7840649709376981,469.1194664876347,1.5667732557776097,191.2301587039446,Simulation
2026-08-10T17:43:14.4120868+08:00,403df523133449d8a2752f38e0123bd1,,,12.987898946307736,12.384603858036039,475.0429301631777,1.791691083426509,469.403717279422,1.5695818920786218,191.24227679287452,Simulation
2026-08-10T17:44:14.4120868+08:00,403df523133449d8a2752f38e0123bd1,,,13.00098738607395,12.388282733766742,475.39591952139386,1.79935109963425,469.6947489827893,1.572582699305133,191.2532473910528,Simulation
2026-08-10T17:45:14.4120868+08:00,403df523133449d8a2752f38e0123bd1,,,13.015924154737526,12.393023397115165,475.7660977803547,1.8070137636162733,469.99180148781795,1.575768506585845,191.2630678439191,Simulation
2026-08-10T17:46:14.4120868+08:00,403df523133449d8a2752f38e0123bd1,,,13.032663163016682,12.398816011443044,476.1520829144026,1.814647808623947,470.2940989595979,1.579131700964554,191.27173577521418,Simulation
2026-08-10T17:47:14.4120868+08:00,403df523133449d8a2752f38e0123bd1,,,13.051152760592215,12.405648557366678,476.55243388440084,1.8222220846855568,470.6008518645351,1.5826642455924322,191.27924908755503,Simulation
2026-08-10T17:48:14.4120868+08:00,403df523133449d8a2752f38e0123bd1,,,13.071335895481072,12.413506857696557,476.9656560177176,1.8297056857107092,470.91125903243795,1.5863576989332626,191.2856059629422,Simulation
2026-08-10T17:49:14.4120868+08:00,403df523133449d8a2752f38e0123bd1,,,13.093150290077428,12.422374606854316,477.39020658844527,1.8370680755996014,471.2245097489944,1.5902032349357351,191.2908048631999,Simulation
2026-08-10T17:50:14.4120868+08:00,403df523133449d8a2752f38e0123bd1,,,13.116528633318085,12.432233404705983,477.8245005770223,1.8442792128425805,471.53978587317755,1.5941916641245963,191.29484453034792,Simulation
2026-08-10T17:51:14.4120868+08:00,403df523133449d8a2752f38e0123bd1,,,13.141398788379245,12.443062794741342,478.26691658775457,1.8513096731015761,471.85626397404724,1.598313455560257,191.2977239869063,Simulation
2026-08-10T17:52:14.4120868+08:00,403df523133449d8a2752f38e0123bd1,,,13.167684015263765,12.454840306520161,478.71580290214325,1.858130769273227,472.1731174813683,1.602558759614376,191.2994425361317,Simulation
2026-08-10T17:53:14.4120868+08:00,403df523133449d8a2752f38e0123bd1,,,13.195303207592088,12.467541502297227,479.1694836454204,1.8647146685437888,472.48951884442755,1.6069174315070005,191.299999762186,Simulation
2026-08-10T17:54:14.4120868+08:00,403df523133449d8a2752f38e0123bd1,,,13.224171142866199,12.481140027729433,479.6262650432696,1.8710345059582036,472.80464169341184,1.6113790555490124,191.299395530237,Simulation
2026-08-10T17:55:14.4120868+08:00,403df523133449d8a2752f38e0123bd1,,,13.254198745434374,12.495607666559726,480.08444174537243,1.8770644940399102,473.11766299770176,1.615932970031954,191.29762998649096,Simulation
2026-08-10T17:56:14.4120868+08:00,403df523133449d8a2752f38e0123bd1,,,13.285293361345339,12.510914399164418,480.5423031921737,1.8827800280141145,473.4277652154439,1.620568292705752,191.29470355815727,Simulation
2026-08-10T17:57:14.4120868+08:00,403df523133449d8a2752f38e0123bd1,,,13.3173590442437,12.527028464842395,480.998140001094,1.8881577862051584,473.7341384287883,1.625273946783458,191.29061695334502,Simulation
2026-08-10T17:58:14.4120868+08:00,403df523133449d8a2752f38e0123bd1,,,13.350296851424517,12.543916427716978,481.45025034834885,1.8931758251983297,474.0359824592129,1.6300386874108654,191.28537116089177,Simulation
2026-08-10T17:59:14.4120868+08:00,403df523133449d8a2752f38e0123bd1,,,13.384005149133486,12.561543246113686,481.89694632254736,1.897813669377812,474.3325089574115,1.6348511285377447,191.27896745012413,Simulation
2026-08-10T18:00:14.4120868+08:00,403df523133449d8a2752f38e0123bd1,,,13.418379926170697,12.579872345269955,482.33656022635034,1.9020523944754277,474.62294346228657,1.6396997701264902,191.27140737055078,Simulation
2026-08-10T18:01:14.4120868+08:00,403df523133449d8a2752f38e0123bd1,,,13.453315114830295,12.598865693225928,482.7674508026613,1.9058747047892572,474.90652742366876,1.6445730256331554,191.26269275148738,Simulation
2026-08-10T18:02:14.4120868+08:00,403df523133449d8a2752f38e0123bd1,,,13.488702918185748,12.618483879738857,483.18800936210505,1.909265003757053,475.1825201834809,1.6494592496952083,191.25282570161409,Simulation
2026-08-10T18:03:14.4120868+08:00,403df523133449d8a2752f38e0123bd1,,,13.52443414271085,12.638686198057389,483.5966657889183,1.9122094575964836,475.45020091017176,1.6543467659598412,191.24180860846516,Simulation
2026-08-10T18:04:14.4120868+08:00,403df523133449d8a2752f38e0123bd1,,,13.560398535210107,12.659430729386015,483.9918944028284,1.9146960517525229,475.70887048136717,1.659223894986338,191.22964413785138,Simulation
2026-08-10T18:05:14.4120868+08:00,403df523133449d8a2752f38e0123bd1,,,13.596485123018855,12.68067442986448,484.3722196550375,1.9167146399216652,475.95785330982204,1.6640789821558197,191.21633523321492,Simulation
2026-08-10T18:06:14.4120868+08:00,403df523133449d8a2752f38e0123bd1,,,13.632582556423412,12.702373219881611,484.7362216370446,1.9182569854529201,476.1964991079036,1.6689004255216744,191.20188511491716,Simulation
2026-08-10T18:07:14.4120868+08:00,403df523133449d8a2752f38e0123bd1,,,13.668579452244641,12.72448207553832,485.08254138174016,1.9193167949566599,476.42418458599735,1.673676703534119,191.18629727945944,Simulation
2026-08-10T18:08:14.4120868+08:00,403df523133449d8a2752f38e0123bd1,,,13.704364737524786,12.746955122069911,485.4098859369821,1.9198897439841769,476.6403150804009,1.6783964025726417,191.16957549863693,Simulation
2026-08-10T18:09:14.4120868+08:00,403df523133449d8a2752f38e0123bd1,,,13.73982799225708,12.769745729033922,485.7170331927106,1.919973494673174,476.844326106453,1.683048244220531,191.15172381862618,Simulation
2026-08-10T18:10:14.4120868+08:00,403df523133449d8a2752f38e0123bd1,,,13.774859790100585,12.792806607065947,486.00283644358075,1.9195677052871807,477.0356848328414,1.6876211122163147,191.13274655900585,Simulation
2026-08-10T18:11:14.4120868+08:00,403df523133449d8a2752f38e0123bd1,,,13.809352036028963,12.816089906002698,486.2662286700793,1.918674031609977,477.2138914732394,1.6921040790177058,191.1126483117116,Simulation
2026-08-10T18:12:14.4120868+08:00,403df523133449d8a2752f38e0123bd1,,,13.843198299871293,12.839547314168682,486.50622652214105,1.9172961201893282,477.3784805916366,1.6964864319145763,191.09143393992497,Simulation
2026-08-10T18:13:14.4120868+08:00,403df523133449d8a2752f38e0123bd1,,,13.876294144715771,12.863130158620498,486.7219339903942,1.9154395934576063,477.5290223179537,1.7007576986285573,191.06910857689655,Simulation
2026-08-10T18:14:14.4120868+08:00,403df523133449d8a2752f38e0123bd1,,,13.908537449162974,12.886789506140762,486.91254575132643,1.9131120267900052,477.6651234707675,1.7049076723380923,191.0456776247041,Simulation
2026-08-10T18:15:14.4120868+08:00,403df523133449d8a2752f38e0123bd1,,,13.93982872243429,12.91047626477206,487.07735017388467,1.9103229175939653,477.78642858421296,1.7089264360691414,191.02114675294513,Simulation
2026-08-10T18:16:14.4120868+08:00,403df523133449d8a2752f38e0123bd1,,,13.970071411363266,12.934141285680306,487.21573197628254,1.9070836465559353,477.8926208363808,1.7128043863932545,190.9955218973652,Simulation
2026-08-10T18:17:14.4120868+08:00,403df523133449d8a2752f38e0123bd1,,,13.999172198322551,12.957735465136095,487.3271745230969,1.9034074312035965,477.9834228767857,1.7165322563763779,190.96880925842166,Simulation
2026-08-10T18:18:14.4120868+08:00,403df523133449d8a2752f38e0123bd1,,,14.027041289167213,12.98120984640247,487.4112617540775,1.8993092719730382,478.0585975507441,1.7201011377235598,190.9410152997832,Simulation
2026-08-10T18:19:14.4120868+08:00,403df523133449d8a2752f38e0123bd1,,,14.053592690305875,13.00451572131771,487.4676797374688,1.8948058910009498,478.1179485187691,1.7235025020666355,190.91214674676593,Simulation
2026-08-10T18:20:14.4120868+08:00,403df523133449d8a2752f38e0123bd1,,,14.078744474044779,13.027604731362295,487.4962178420447,1.8899156638915828,478.1613207693655,1.7267282213440196,190.88221058470603,Simulation
2026-08-10T18:21:14.4120868+08:00,403df523133449d8a2752f38e0123bd1,,,14.102419031386013,13.050428968000425,487.49676952348005,1.8846585447369006,478.1886010238853,1.7297705872239075,190.85121405726946,Simulation
2026-08-10T18:22:14.4120868+08:00,403df523133449d8a2752f38e0123bd1,,,14.124543311499847,13.07294107208781,487.4693327221243,1.879055984695863,478.19971803238644,1.7326223295244716,190.8191646646993,Simulation
2026-08-10T18:23:14.4120868+08:00,403df523133449d8a2752f38e0123bd1,,,14.145049047132273,13.095094332139523,487.4140098706905,1.8731308444650772,478.1946427597214,1.7352766335870315,190.78607016200078,Simulation
2026-08-10T18:24:14.4120868+08:00,403df523133449d8a2752f38e0123bd1,,,14.163872965252224,13.11684278125398,487.33100751183304,1.8669073009979678,478.1733884613706,1.7377271565606869,190.751938557065,Simulation
2026-08-10T18:25:14.4120868+08:00,403df523133449d8a2752f38e0123bd1,,,14.18095698228848,13.138141292491959,487.2206355270394,1.86041074885309,478.13601064882255,1.7399680425594939,190.716778108731,Simulation
2026-08-10T18:26:14.4120868+08:00,403df523133449d8a2752f38e0123bd1,,,14.196248383353845,13.158945672512717,487.0833059797174,1.8536676965741261,478.0826069445895,1.741993936655968,190.68059732478758,Simulation
2026-08-10T18:27:14.4120868+08:00,403df523133449d8a2752f38e0123bd1,,,14.20969998490358,13.179212753272965,486.91953157679507,1.8467056585243715,478.0133168272395,1.7437999976774738,190.6434049599146,Simulation
2026-08-10T18:28:14.4120868+08:00,403df523133449d8a2752f38e0123bd1,,,14.221270280326165,13.19890048159839,486.7299237545774,1.8395530426170763,477.9283212671099,1.74538190977492,190.6052100135645,Simulation
2026-08-10T18:29:14.4120868+08:00,403df523133449d8a2752f38e0123bd1,,,14.23092356801719,13.217968006441861,486.515190396007,1.8322390343997415,477.82784225365225,1.7467358927361167,190.5660217277849,Simulation
2026-08-10T18:30:14.4120868+08:00,403df523133449d8a2752f38e0123bd1,,,14.238630061541143,13.236375763647324,486.2761331878492,1.824793477965355,477.7121422156464,1.7478587110191508,190.52584958498204,Simulation
2026-08-10T18:31:14.4120868+08:00,403df523133449d8a2752f38e0123bd1,,,14.244365981541218,13.25408555804342,486.01364462767066,1.8172467541765003,477.58152333579415,1.7487476814841898,190.48470330562668,Simulation
2026-08-10T18:32:14.4120868+08:00,403df523133449d8a2752f38e0123bd1,,,14.248113629113519,13.27106064269655,485.7287046917834,1.8096296566992247,477.436326761486,1.7494006798052404,190.44259284590163,Simulation
2026-08-10T18:33:14.4120868+08:00,403df523133449d8a2752f38e0123bd1,,,14.249861440419243,13.287265795158925,485.4223771765955,1.801973266352507,477.2769317137999,1.7498161455465377,190.39952839529295,Simulation
2026-08-10T18:34:14.4120868+08:00,403df523133449d8a2752f38e0123bd1,,,14.249604022366382,13.302667390553363,485.0958057270277,1.7943088242860257,477.10375449706055,1.7499930858914383,190.3555203741242,Simulation
2026-08-10T18:35:14.4120868+08:00,403df523133449d8a2752f38e0123bd1,,,14.247342169250771,13.31723347134323,484.7502095668228,1.7866676045037113,476.9172474115453,1.7499310780149,190.3105794310352,Simulation
2026-08-10T18:36:14.4120868+08:00,403df523133449d8a2752f38e0123bd1,,,14.243082860305197,13.330933813642714,484.3868789466882,1.7790807862532425,476.7178975721764,1.7496302700938864,190.2647164404052,Simulation
2026-08-10T18:37:14.4120868+08:00,403df523133449d8a2752f38e0123bd1,,,14.236839238164098,13.34373998992988,484.0071703272672,1.7715793268021836,476.5062256362859,1.749091380953275,190.2179424997218,Simulation
2026-08-10T18:38:14.4120868+08:00,403df523133449d8a2752f38e0123bd1,,,14.2286305683103,13.355625428032337,483.61250131492034,1.7641938351198925,476.2827844437743,1.7483156983481194,190.17026892689543,Simulation
2026-08-10T18:39:14.4120868+08:00,403df523133449d8a2752f38e0123bd1,,,14.21848217962895,13.36656546626317,483.2043453692258,1.7569544469806235,476.0481575732165,1.7473050758863693,190.12170725752102,Simulation
2026-08-10T18:40:14.4120868+08:00,403df523133449d8a2752f38e0123bd1,,,14.206425386252048,13.376537404592705,482.78422630195706,1.7498907019974577,475.8029578176842,1.7460619285994003,190.07226924208655,Simulation
2026-08-10T18:41:14.4120868+08:00,403df523133449d8a2752f38e0123bd1,,,14.192497390934744,13.385520551749915,482.3537125880748,1.7430314230888082,475.54782558426734,1.7445892271709407,190.02196684312983,Simulation
2026-08-10T18:42:14.4120868+08:00,403df523133449d8a2752f38e0123bd1,,,14.17674117026155,13.39349626815578,481.9144115099739,1.7364045988693313,475.28342722147346,1.742890490838185,189.97081223234395,Simulation
2026-08-10T18:43:14.4120868+08:00,403df523133449d8a2752f38e0123bd1,,,14.159205342036682,13.400448004599474,481.4679631568454,1.7300372694451287,475.01045327887397,1.740969778982057,189.91881778763204,Simulation
2026-08-10T18:44:14.4120868+08:00,403df523133449d8a2752f38e0123bd1,,,14.13994401526768,13.406361336577147,481.0160343015587,1.7239554160792476,474.72961670354266,1.7388316814267215,189.86599609011222,Simulation
2026-08-10T18:45:14.4120868+08:00,403df523133449d8a2752f38e0123bd1,,,14.119016623205269,13.411223994222041,480.5603121779215,1.718183855177686,474.441650977997,1.7364813074715222,189.8123599210733,Simulation
2026-08-10T18:46:14.4120868+08:00,403df523133449d8a2752f38e0123bd1,,,14.09648773995456,13.415025887763857,480.1024981815516,1.7127461370284824,474.1473082045051,1.7339242736815572,189.75792225888213,Simulation
2026-08-10T18:47:14.4120868+08:00,403df523133449d8a2752f38e0123bd1,,,14.07242688122352,13.417759128464507,479.6443015178766,1.7076644497070763,473.8473571407626,1.7311666904660699,189.7026962758432,Simulation
2026-08-10T18:48:14.4120868+08:00,403df523133449d8a2752f38e0123bd1,,,14.04690828982349,13.41941804498686,479.1874328209764,1.7029595285400432,473.54258119206867,1.728215147476724,189.64669533501137,Simulation
2026-08-10T18:49:14.4120868+08:00,403df523133449d8a2752f38e0123bd1,,,14.020010706583644,13.419999195162482,478.7335977670922,1.6986505714966273,473.2337763652462,1.7250766978606598,189.5899329869583,Simulation
2026-08-10T18:50:14.4120868+08:00,403df523133449d8a2752f38e0123bd1,,,13.991817127386229,13.419501373133956,478.2844907066445,1.6947551608533131,472.9217491896494,1.7217588414059588,189.53242296649373,Simulation
2026-08-10T18:51:14.4120868+08:00,403df523133449d8a2752f38e0123bd1,,,13.962414547072324,13.417925611856978,477.8417883385359,1.6912891914510715,472.60731461068923,1.7182695066197955,189.474179189342,Simulation
2026-08-10T18:52:14.4120868+08:00,403df523133449d8a2752f38e0123bd1,,,13.931893691008284,13.41527518095703,477.4071434503535,1.688266805838018,472.29129386137726,1.7146170317820988,189.4152157487749,Simulation
2026-08-10T18:53:14.4120868+08:00,403df523133449d8a2752f38e0123bd1,,,13.900348735141199,13.411555579945066,476.98217874784206,1.6857003365621348,471.97451231744833,1.7108101450200044,189.35554691220142,Simulation
2026-08-10T18:54:14.4120868+08:00,403df523133449d8a2752f38e0123bd1,,,13.867877015407142,13.406774526806306,476.5684807966851,1.6836002558495187,471.65779734166335,1.706857943450707,189.29518711771559,Simulation
2026-08-10T18:55:14.4120868+08:00,403df523133449d8a2752f38e0123bd1,,,13.834578727388868,13.400941941985803,476.16759409921127,1.6819751328734882,471.3419761229219,1.7027698714425576,189.2341509706028,Simulation
2026-08-10T18:56:14.4120868+08:00,403df523133449d8a2752f38e0123bd1,,,13.800556617149729,13.394069927804017,475.7810153281406,1.6808315987889144,471.02787351582964,1.698555698046354,189.17245323980575,Simulation
2026-08-10T18:57:14.4120868+08:00,403df523133449d8a2752f38e0123bd1,,,13.765915664197736,13.386172743345114,475.4101877388976,1.6801743196744425,470.71630988636156,1.6942254936507521,189.11010885435087,Simulation
2026-08-10T18:58:14.4120868+08:00,403df523133449d8a2752f38e0123bd1,,,13.730762757558072,13.377266774870073,475.0564957813533,1.6800059774930167,470.40809896924935,1.689789605917589,189.04713289973586,Simulation
2026-08-10T18:59:14.4120868+08:00,403df523133449d8a2752f38e0123bd1,,,13.695206365953524,13.367370501816026,474.72125993111206,1.6803272591483929,470.1040457426877,1.6852586350546168,188.9835406142795,Simulation
2026-08-10T19:00:14.4120868+08:00,403df523133449d8a2752f38e0123bd1,,,13.659356203110587,13.356504458452353,474.4057317596403,1.681136853682296,469.80494432591024,1.6806434084847475,188.91934738543443,Simulation
2026-08-10T19:01:14.4120868+08:00,403df523133449d8a2752f38e0123bd1,,,13.623322889223921,13.344691191273101,474.11108926164206,1.6824314576236556,469.5115759051279,1.6759549549723254,188.85456874606376,Simulation
2026-08-10T19:02:14.4120868+08:00,403df523133449d8a2752f38e0123bd1,,,13.587217609623814,13.331955212214144,473.83843245712734,1.6842057884680965,469.22470669324423,1.6712044782682707,188.78922037068267,Simulation
2026-08-10T19:03:14.4120868+08:00,403df523133449d8a2752f38e0123bd1,,,13.551151771699823,13.318322947792149,473.5887792845904,1.686452606232679,468.9450859286781,1.6664033303370653,188.72331807166566,Simulation
2026-08-10T19:04:14.4120868+08:00,403df523133449d8a2752f38e0123bd1,,,13.515236661139253,13.303822684270878,473.3630618006326,1.6891627429979392,468.6734439185204,1.661562984229558,188.65687779542026,Simulation
2026-08-10T19:05:14.4120868+08:00,403df523133449d8a2752f38e0123bd1,,,13.479583098541132,13.288484508968615,473.16212270021674,1.6923251403166852,468.4104901311342,1.6566950066664201,188.58991561852866,Simulation
2026-08-10T19:06:14.4120868+08:00,403df523133449d8a2752f38e0123bd1,,,13.444301097465294,13.272340247828492,472.98671217054516,1.6959268943369052,468.15691134318223,1.65181103039776,188.52244774385755,Simulation
2026-08-10T19:07:14.4120868+08:00,403df523133449d8a2752f38e0123bd1,,,13.409499524971679,13.255423399381254,472.83748509030596,1.6999533084546705,467.91336984591874,1.6469227264049509,188.45449049663756,Simulation
2026-08-10T19:08:14.4120868+08:00,403df523133449d8a2752f38e0123bd1,,,13.375285765697303,13.23776906523749,472.71499858474544,1.704387953282186,467.68050171543285,1.642041776011102,188.3860603205129,Simulation
2026-08-10T19:09:14.4120868+08:00,403df523133449d8a2752f38e0123bd1,,,13.341765390507424,13.219413877253563,472.6197099456934,1.7092127336862943,467.45891515135935,1.6371798429668125,188.31717377356276,Simulation
2026-08-10T19:10:14.4120868+08:00,403df523133449d8a2752f38e0123bd1,,,13.309041830743345,13.200395921522336,472.55197492430716,1.7144079626238928,467.2491888883971,1.6323485455779223,188.24784752429443,Simulation
2026-08-10T19:11:14.4120868+08:00,403df523133449d8a2752f38e0123bd1,,,13.277216059071966,13.180754659346448,472.5120464029082,1.7199524414729805,467.0518706847829,1.6275594289418547,188.17809834761022,Simulation
2026-08-10T19:12:14.4120868+08:00,403df523133449d8a2752f38e0123bd1,,,13.246386277921909,13.160530845358101,472.5000734508697,1.7258235465315561,466.86747589166896,1.6228239373589055,188.10794312074833,Simulation
2026-08-10T19:13:14.4120868+08:00,403df523133449d8a2752f38e0123bd1,,,13.21664761646754,13.139766442955233,472.51610076808026,1.7319973213314137,466.69648610714097,1.6181533869844,188.03739881919918,Simulation
2026-08-10T19:14:14.4120868+08:00,403df523133449d8a2752f38e0123bd1,,,13.188091837095923,13.118504537229587,472.5600685180609,1.7384485743901619,466.53934791839094,1.6135589387870708,187.96648251259768,Simulation
2026-08-10T19:15:14.4120868+08:00,403df523133449d8a2752f38e0123bd1,,,13.160807052262411,13.096789245567297,472.63181255135896,1.7451509820025963,466.39647173533126,1.6090515718782783,187.89521136059295,Simulation
2026-08-10T19:16:14.4120868+08:00,403df523133449d8a2752f38e0123bd1,,,13.134877452608556,13.07466562610755,472.7310650183847,1.7520771956519952,466.26823071869535,1.6046420572758042,187.82360260869632,Simulation
2026-08-10T19:17:14.4120868+08:00,403df523133449d8a2752f38e0123bd1,,,13.110383047181285,13.052179584249181,472.8574553694025,1.7591989536030601,466.15495980542505,1.6003409321649178,187.75167358410815,Simulation
2026-08-10T19:18:14.4120868+08:00,403df523133449d8a2752f38e0123bd1,,,13.087399416554904,13.029377777399308,473.0105117379432,1.7664871962211524,466.0569548338902,1.5961584747182178,187.67944169152543,Simulation
